epoch,train_loss,valid_loss,train_balanced_acc,valid_balanced_acc
0,1.687355836618294,1.449906303503803,0.2503488019411586,0.31563725490196076
1,1.4392893673146812,1.4042993516565483,0.30568698817106454,0.3830392156862745
2,1.1910311076247577,1.4086244061728503,0.36700788595693057,0.4265196078431373
3,1.0064105550640996,0.9496183350821522,0.5601152562936003,0.32401960784313727
4,0.6995567685192071,1.2702321983943476,0.7659614801334547,0.38348039215686275
5,0.6411835314000695,1.0351667838675953,0.8234607218683652,0.4045588235294118
6,0.5635547950429823,1.3323888477878036,0.8238171064604186,0.302156862745098
7,0.4812377749137508,1.5339426977612147,0.8131407340006067,0.4083823529411765
8,0.5179032803449816,1.142827881830875,0.8052471944191689,0.35254901960784313
9,0.4453988862269133,1.127287946014761,0.8444494995450409,0.4298529411764706
10,0.24446159514408666,1.1968813332441812,0.9156050955414013,0.3029411764705882
11,0.3586201763268813,1.5260327007168921,0.9054140127388536,0.31651960784313726
12,0.4364727172747399,1.4020097032885686,0.8366166211707615,0.37245098039215685
13,0.4260061232789049,1.6069720457090395,0.9018425841674249,0.2655882352941176
14,0.241546085447941,1.4234109069699439,0.9286169244767972,0.3132843137254902
15,0.14538317180952978,2.2263417121405915,0.9125341219290265,0.2513235294117647
16,0.2837895118785136,1.683755483582755,0.9314983318168032,0.33014705882352946
17,0.4167794070197541,1.7585964737651505,0.8481043372763117,0.4183823529411764
18,0.43814368676213383,1.2068342282393267,0.8906885047012437,0.24985294117647058
19,0.1921729182155387,1.80130943711673,0.953867151956324,0.2580882352941177
